관광지명,음식점명,URL
서울대학교 규장각,락구정,https://www.google.com/maps/place/%EB%9D%BD%EA%B5%AC%EC%A0%95/data=!4m7!3m6!1s0x357c9ffdfcbea297:0x78fd2fffce39589d!8m2!3d37.4548659!4d126.9505011!16s%2Fg%2F1q5bry31l!19sChIJl6K-_P2ffDURnVg5zv8v_Xg?authuser=0&hl=ko&rclk=1
서울대학교 규장각,텐카이핀,https://www.google.com/maps/place/%ED%85%90%EC%B9%B4%EC%9D%B4%ED%95%80/data=!4m7!3m6!1s0x357c9ff867509b19:0x6a0db2571c4a4fc6!8m2!3d37.4663858!4d126.9539005!16s%2Fg%2F11fs0bfb_h!19sChIJGZtQZ_iffDURxk9KHFeyDWo?authuser=0&hl=ko&rclk=1
인헌시장,미도정육식당,https://www.google.com/maps/place/%EB%AF%B8%EB%8F%84%EC%A0%95%EC%9C%A1%EC%8B%9D%EB%8B%B9/data=!4m7!3m6!1s0x357ca03b5a00917d:0x4e23046fae396d4c!8m2!3d37.474296!4d126.965529!16s%2Fg%2F1tdjtz77!19sChIJfZEAWjugfDURTG05rm8EI04?authuser=0&hl=ko&rclk=1
인헌시장,우리동네고기집,https://www.google.com/maps/place/%EC%9A%B0%EB%A6%AC%EB%8F%99%EB%84%A4%EA%B3%A0%EA%B8%B0%EC%A7%91/data=!4m7!3m6!1s0x357ca03b57ec5a4f:0x646f81dd2d0902fe!8m2!3d37.4740784!4d126.9654694!16s%2Fg%2F11h9w7c0tl!19sChIJT1rsVzugfDUR_gIJLd2Bb2Q?authuser=0&hl=ko&rclk=1
인헌시장,낙성대돈까스,https://www.google.com/maps/place/%EB%82%99%EC%84%B1%EB%8C%80%EB%8F%88%EA%B9%8C%EC%8A%A4/data=!4m7!3m6!1s0x357ca03b0c25a027:0x11fb2d2b4d990a76!8m2!3d37.4748476!4d126.9670834!16s%2Fg%2F11fqtm9h4g!19sChIJJ6AlDDugfDURdgqZTSst-xE?authuser=0&hl=ko&rclk=1
인헌시장,정직한명품한우,https://www.google.com/maps/place/%EC%A0%95%EC%A7%81%ED%95%9C%EB%AA%85%ED%92%88%ED%95%9C%EC%9A%B0/data=!4m7!3m6!1s0x357ca03b57ec5a4f:0x6209fb263b8f7734!8m2!3d37.4740784!4d126.9654694!16s%2Fg%2F11grvb2ytq!19sChIJT1rsVzugfDURNHePOyb7CWI?authuser=0&hl=ko&rclk=1
서울대학교 미술관,라운지오,https://www.google.com/maps/place/%EB%9D%BC%EC%9A%B4%EC%A7%80%EC%98%A4/data=!4m7!3m6!1s0x357c9f4153a08553:0xd80d7ac11286032f!8m2!3d37.464989!4d126.9515722!16s%2Fg%2F11h6nvzwxy!19sChIJU4WgU0GffDURLwOGEsF6Ddg?authuser=0&hl=ko&rclk=1
서울대학교 미술관,포포인 서울대학교점,https://www.google.com/maps/place/%ED%8F%AC%ED%8F%AC%EC%9D%B8+%EC%84%9C%EC%9A%B8%EB%8C%80%ED%95%99%EA%B5%90%EC%A0%90/data=!4m7!3m6!1s0x357c9ff75b410509:0x7e6447f50207fa7b!8m2!3d37.4664077!4d126.9538358!16s%2Fg%2F1tcw_g6p!19sChIJCQVBW_effDURe_oHAvVHZH4?authuser=0&hl=ko&rclk=1
서울대학교 미술관,두레미담 1호점,https://www.google.com/maps/place/%EB%91%90%EB%A0%88%EB%AF%B8%EB%8B%B4+1%ED%98%B8%EC%A0%90/data=!4m7!3m6!1s0x357b61bcf4ff2857:0x2cc103e587908a1d!8m2!3d37.4564336!4d126.9485537!16s%2Fg%2F11h100j83p!19sChIJVyj_9LxhezURHYqQh-UDwSw?authuser=0&hl=ko&rclk=1
서울대학교 미술관,파란 코끼리,https://www.google.com/maps/place/%ED%8C%8C%EB%9E%80+%EC%BD%94%EB%81%BC%EB%A6%AC/data=!4m7!3m6!1s0x357c9fc7017d4377:0xf594a691f0f42b30!8m2!3d37.4627701!4d126.9510173!16s%2Fg%2F11fksrkk3k!19sChIJd0N9AceffDURMCv08JGmlPU?authuser=0&hl=ko&rclk=1
서울대학교 미술관,텐카이핀,https://www.google.com/maps/place/%ED%85%90%EC%B9%B4%EC%9D%B4%ED%95%80/data=!4m7!3m6!1s0x357c9ff867509b19:0x6a0db2571c4a4fc6!8m2!3d37.4663858!4d126.9539005!16s%2Fg%2F11fs0bfb_h!19sChIJGZtQZ_iffDURxk9KHFeyDWo?authuser=0&hl=ko&rclk=1
정정공강사상묘역,정정,https://www.google.com/maps/place/%EC%A0%95%EC%A0%95/data=!4m7!3m6!1s0x357c99e0e5628159:0x86c96f164278e60b!8m2!3d37.5461542!4d126.9441927!16s%2Fg%2F11j8m6r4q8!19sChIJWYFi5eCZfDURC-Z4QhZvyYY?authuser=0&hl=ko&rclk=1
서울 신림동 굴참나무,막불감동,https://www.google.com/maps/place/%EB%A7%89%EB%B6%88%EA%B0%90%EB%8F%99/data=!4m7!3m6!1s0x357c9fbf391f63af:0x6e723cd51fa5e7f7!8m2!3d37.4842936!4d126.9281634!16s%2Fg%2F11bzx62d_g!19sChIJr2MfOb-ffDUR9-elH9U8cm4?authuser=0&hl=ko&rclk=1
서울 신림동 굴참나무,물찬조개,https://www.google.com/maps/place/%EB%AC%BC%EC%B0%AC%EC%A1%B0%EA%B0%9C/data=!4m7!3m6!1s0x357c9f39c5cf3cbd:0x73d259808872ea1f!8m2!3d37.4838664!4d126.9077202!16s%2Fg%2F11fmpbd48d!19sChIJvTzPxTmffDURH-pyiIBZ0nM?authuser=0&hl=ko&rclk=1
서울 신림동 굴참나무,만성찬팅,https://www.google.com/maps/place/%EB%A7%8C%EC%84%B1%EC%B0%AC%ED%8C%85/data=!4m7!3m6!1s0x357c9fbf305e1a87:0x65385cfad3944466!8m2!3d37.4830371!4d126.9304077!16s%2Fg%2F11ggr40g3q!19sChIJhxpeML-ffDURZkSU0_pcOGU?authuser=0&hl=ko&rclk=1
서울 신림동 굴참나무,오첨지,https://www.google.com/maps/place/%EC%98%A4%EC%B2%A8%EC%A7%80/data=!4m7!3m6!1s0x357c9fbf5dedef25:0xde1386edc1f38106!8m2!3d37.4831272!4d126.928517!16s%2Fg%2F1w97sbd2!19sChIJJe_tXb-ffDURBoHzwe2GE94?authuser=0&hl=ko&rclk=1
서울 신림동 굴참나무,생생조개,https://www.google.com/maps/place/%EC%83%9D%EC%83%9D%EC%A1%B0%EA%B0%9C/data=!4m7!3m6!1s0x357c9fc75c12052f:0x1ddf4d64194133cf!8m2!3d37.4833434!4d126.9261678!16s%2Fg%2F11h9x7xq5v!19sChIJLwUSXMeffDURzzNBGWRN3x0?authuser=0&hl=ko&rclk=1
관악청소년회관,관악산회관,https://www.google.com/maps/place/%EA%B4%80%EC%95%85%EC%82%B0%ED%9A%8C%EA%B4%80/data=!4m7!3m6!1s0x357c9ff065febbab:0x46c08a6ab0ce783f!8m2!3d37.468296!4d126.945392!16s%2Fg%2F1thxnl56!19sChIJq7v-ZfCffDURP3jOsGqKwEY?authuser=0&hl=ko&rclk=1
자운암(서울),자운암,https://www.google.com/maps/place/%EC%9E%90%EC%9A%B4%EC%95%94/data=!4m7!3m6!1s0x357c9f942b92006d:0x5dbbca5c07553210!8m2!3d37.4489926!4d126.9538519!16s%2Fg%2F1tg9l0zw!19sChIJbQCSK5SffDUREDJVB1zKu10?authuser=0&hl=ko&rclk=1
자운암(서울),자하손만두,https://www.google.com/maps/place/%EC%9E%90%ED%95%98%EC%86%90%EB%A7%8C%EB%91%90/data=!4m7!3m6!1s0x357ca2b1ecf6520b:0xd7ecb06428cd993!8m2!3d37.5931183!4d126.9660427!16s%2Fg%2F1thvqmrg!19sChIJC1L27LGifDURk9mMQgbLfg0?authuser=0&hl=ko&rclk=1
자운암(서울),문화식당 성북동,https://www.google.com/maps/place/%EB%AC%B8%ED%99%94%EC%8B%9D%EB%8B%B9+%EC%84%B1%EB%B6%81%EB%8F%99/data=!4m7!3m6!1s0x357cbd38a5765dcd:0x17eb0b48b297e502!8m2!3d37.5926993!4d126.9981807!16s%2Fg%2F11hmqj9lzh!19sChIJzV12pTi9fDURAuWXskgL6xc?authuser=0&hl=ko&rclk=1
자운암(서울),운치 wnch,https://www.google.com/maps/place/%EC%9A%B4%EC%B9%98+wnch/data=!4m7!3m6!1s0x357cbd749b60d2eb:0x36e1f585d394fef6!8m2!3d37.5880292!4d127.020147!16s%2Fg%2F11rhc1j9mg!19sChIJ69Jgm3S9fDUR9v6U04X14TY?authuser=0&hl=ko&rclk=1
자운암(서울),계열사,https://www.google.com/maps/place/%EA%B3%84%EC%97%B4%EC%82%AC/data=!4m7!3m6!1s0x357ca2b1c2a33eef:0x744e0a587bbd68d1!8m2!3d37.5928647!4d126.9655998!16s%2Fg%2F11bw5vszzy!19sChIJ7z6jwrGifDUR0Wi9e1gKTnQ?authuser=0&hl=ko&rclk=1
자운암(서울),맛집,https://www.google.com/maps/place/%EB%A7%9B%EC%A7%91/data=!4m7!3m6!1s0x357c9fd185ec140f:0x6f225b2e8c1e3c55!8m2!3d37.516129!4d126.9053966!16s%2Fg%2F11rjqbqs2y!19sChIJDxTshdGffDURVTwejC5bIm8?authuser=0&hl=ko&rclk=1
자운암(서울),운암명가,https://www.google.com/maps/place/%EC%9A%B4%EC%95%94%EB%AA%85%EA%B0%80/data=!4m7!3m6!1s0x357b47047143c9cb:0x8f529e66002225ca!8m2!3d37.1465313!4d127.0758616!16s%2Fg%2F1tqcj3jd!19sChIJy8lDcQRHezURyiUiAGaeUo8?authuser=0&hl=ko&rclk=1
관악문화원,화로상회,https://www.google.com/maps/place/%ED%99%94%EB%A1%9C%EC%83%81%ED%9A%8C/data=!4m7!3m6!1s0x357c9f3779b384f7:0x30c04d80c6a5edf6!8m2!3d37.4702891!4d126.9399069!16s%2Fg%2F11rwm9cy2t!19sChIJ94SzeTeffDUR9u2lxoBNwDA?authuser=0&hl=ko&rclk=1
관악문화원,덕봉식당,https://www.google.com/maps/place/%EB%8D%95%EB%B4%89%EC%8B%9D%EB%8B%B9/data=!4m7!3m6!1s0x357c9fe7a5b320d1:0x5916ebd42a2a696!8m2!3d37.4694895!4d126.9344613!16s%2Fg%2F11f03lm58j!19sChIJ0SCzpeeffDURlqaiQr1ukQU?authuser=0&hl=ko&rclk=1
관악문화원,오삼숙이,https://www.google.com/maps/place/%EC%98%A4%EC%82%BC%EC%88%99%EC%9D%B4/data=!4m7!3m6!1s0x357c9fb4ff0250af:0x4c222191e64b6a78!8m2!3d37.4681241!4d126.9377278!16s%2Fg%2F11j4szt_l0!19sChIJr1AC_7SffDUReGpL5pEhIkw?authuser=0&hl=ko&rclk=1
관악문화원,막불감동,https://www.google.com/maps/place/%EB%A7%89%EB%B6%88%EA%B0%90%EB%8F%99/data=!4m7!3m6!1s0x357c9fbf391f63af:0x6e723cd51fa5e7f7!8m2!3d37.4842936!4d126.9281634!16s%2Fg%2F11bzx62d_g!19sChIJr2MfOb-ffDUR9-elH9U8cm4?authuser=0&hl=ko&rclk=1
관악문화원,옛날집,https://www.google.com/maps/place/%EC%98%9B%EB%82%A0%EC%A7%91/data=!4m7!3m6!1s0x357c9f4d7a9f8939:0xdaf681ee356e71e6!8m2!3d37.4853893!4d126.9324439!16s%2Fg%2F11k1d0dpmk!19sChIJOYmfek2ffDUR5nFuNe6B9to?authuser=0&hl=ko&rclk=1
약수사(서울),최수사대게마을,https://www.google.com/maps/place/%EC%B5%9C%EC%88%98%EC%82%AC%EB%8C%80%EA%B2%8C%EB%A7%88%EC%9D%84/data=!4m7!3m6!1s0x357ca3ffd2dbee6d:0xa8b2e1d8fe1cefd9!8m2!3d37.4991031!4d127.0374068!16s%2Fg%2F1thvqmv2!19sChIJbe7b0v-jfDUR2e8c_tjhsqg?authuser=0&hl=ko&rclk=1
관음사(서울),상화울가든,https://www.google.com/maps/place/%EC%83%81%ED%99%94%EC%9A%B8%EA%B0%80%EB%93%A0/data=!4m7!3m6!1s0x357cb1c3fa25799d:0xd11393bf5d456228!8m2!3d37.5318206!4d127.1851725!16s%2Fg%2F1v82_0zs!19sChIJnXkl-sOxfDURKGJFXb-TE9E?authuser=0&hl=ko&rclk=1
관음사(서울),수운,https://www.google.com/maps/place/%EC%88%98%EC%9A%B4/data=!4m7!3m6!1s0x357ca3a4f3dc1589:0xa29b12e21b224875!8m2!3d37.5715768!4d126.9835917!16s%2Fg%2F11jg8bp490!19sChIJiRXc86SjfDURdUgiG-ISm6I?authuser=0&hl=ko&rclk=1
관음사(서울),발우공양,https://www.google.com/maps/place/%EB%B0%9C%EC%9A%B0%EA%B3%B5%EC%96%91/data=!4m7!3m6!1s0x357ca2c278fa6e67:0xb14e8c1d1b864d74!8m2!3d37.5738938!4d126.9831801!16s%2Fg%2F1th851ln!19sChIJZ276eMKifDURdE2GGx2MTrE?authuser=0&hl=ko&rclk=1
관음사(서울),한냄비,https://www.google.com/maps/place/%ED%95%9C%EB%83%84%EB%B9%84/data=!4m7!3m6!1s0x357ca31264652063:0xd7222b93a8eae0f6!8m2!3d37.5324418!4d127.0056444!16s%2Fg%2F11gy3fncfh!19sChIJYyBlZBKjfDUR9uDqqJMrItc?authuser=0&hl=ko&rclk=1
관음사(서울),이문설농탕,https://www.google.com/maps/place/%EC%9D%B4%EB%AC%B8%EC%84%A4%EB%86%8D%ED%83%95/data=!4m7!3m6!1s0x357ca2e8338e4637:0xedad10537399c4f7!8m2!3d37.5726592!4d126.9839377!16s%2Fg%2F119pgh3y6!19sChIJN0aOM-iifDUR98SZc1MQre0?authuser=0&hl=ko&rclk=1
명락사,산자락,https://www.google.com/maps/place/%EC%82%B0%EC%9E%90%EB%9D%BD/data=!4m7!3m6!1s0x357b68c2e536c905:0xae31d39fe91a0518!8m2!3d37.305013!4d126.8874755!16s%2Fg%2F11c2nb05w1!19sChIJBck25cJoezURGAUa6Z_TMa4?authuser=0&hl=ko&rclk=1
명락사,정가네식당,https://www.google.com/maps/place/%EC%A0%95%EA%B0%80%EB%84%A4%EC%8B%9D%EB%8B%B9/data=!4m7!3m6!1s0x357c9f894af6608b:0xd2c309a998443a69!8m2!3d37.4795574!4d126.9460467!16s%2Fg%2F1tf05lr4!19sChIJi2D2SomffDURaTpEmKkJw9I?authuser=0&hl=ko&rclk=1
명락사,바다수다,https://www.google.com/maps/place/%EB%B0%94%EB%8B%A4%EC%88%98%EB%8B%A4/data=!4m7!3m6!1s0x357c9f19c11d680d:0xcd4722d16f304f47!8m2!3d37.4795763!4d126.9447482!16s%2Fg%2F11j2w9lf3p!19sChIJDWgdwRmffDURR08wb9EiR80?authuser=0&hl=ko&rclk=1
명락사,석양식당,https://www.google.com/maps/place/%EC%84%9D%EC%96%91%EC%8B%9D%EB%8B%B9/data=!4m7!3m6!1s0x357c9f4153f14b11:0xd4ac574fe73810e7!8m2!3d37.4811916!4d126.9473494!16s%2Fg%2F11rxybmmk0!19sChIJEUvxU0GffDUR5xA4509XrNQ?authuser=0&hl=ko&rclk=1
명락사,중화요리팔공,https://www.google.com/maps/place/%EC%A4%91%ED%99%94%EC%9A%94%EB%A6%AC%ED%8C%94%EA%B3%B5/data=!4m7!3m6!1s0x357c9f941c442771:0x784e4486b705755f!8m2!3d37.4841353!4d126.9370819!16s%2Fg%2F11gfb2l9zq!19sChIJcSdEHJSffDURX3UFt4ZETng?authuser=0&hl=ko&rclk=1
관악산 생태공원,기사식당,https://www.google.com/maps/place/%EA%B8%B0%EC%82%AC%EC%8B%9D%EB%8B%B9/data=!4m7!3m6!1s0x357b61d5fbda8e97:0x17a7bc1d71c4d9a1!8m2!3d37.4672695!4d126.9207828!16s%2Fg%2F11ghpqp8bl!19sChIJl47a-9VhezURodnEcR28pxc?authuser=0&hl=ko&rclk=1
관악산 생태공원,풍년집본가,https://www.google.com/maps/place/%ED%92%8D%EB%85%84%EC%A7%91%EB%B3%B8%EA%B0%80/data=!4m7!3m6!1s0x357b601e004353b7:0x8e7ae36d524c0870!8m2!3d37.4748935!4d126.9170621!16s%2Fg%2F1td7l6kl!19sChIJt1NDAB5gezURcAhMUm3jeo4?authuser=0&hl=ko&rclk=1
관악산 생태공원,KUMO쿠모,https://www.google.com/maps/place/KUMO%EC%BF%A0%EB%AA%A8/data=!4m7!3m6!1s0x357b618a52e7d831:0x8c4df86f1245f8a5!8m2!3d37.462571!4d126.9188506!16s%2Fg%2F11pxnnqxt0!19sChIJMdjnUophezURpfhFEm_4TYw?authuser=0&hl=ko&rclk=1
관악산 생태공원,소문난뼈해장국,https://www.google.com/maps/place/%EC%86%8C%EB%AC%B8%EB%82%9C%EB%BC%88%ED%95%B4%EC%9E%A5%EA%B5%AD/data=!4m7!3m6!1s0x357c9fd7a156a183:0x1dd45f729f53f02f!8m2!3d37.4714918!4d126.9194126!16s%2Fg%2F1th54ybn!19sChIJg6FWodeffDURL_BTn3Jf1B0?authuser=0&hl=ko&rclk=1
관악산 생태공원,한국순대 신림본점,https://www.google.com/maps/place/%ED%95%9C%EA%B5%AD%EC%88%9C%EB%8C%80+%EC%8B%A0%EB%A6%BC%EB%B3%B8%EC%A0%90/data=!4m7!3m6!1s0x357b6197825dc317:0xf703c34a8849e176!8m2!3d37.4660148!4d126.9202765!16s%2Fg%2F11ghnyd8x0!19sChIJF8NdgpdhezURduFJiErDA_c?authuser=0&hl=ko&rclk=1
우림시장,정가네 홍두깨 손칼국수,https://www.google.com/maps/place/%EC%A0%95%EA%B0%80%EB%84%A4+%ED%99%8D%EB%91%90%EA%B9%A8+%EC%86%90%EC%B9%BC%EA%B5%AD%EC%88%98/data=!4m7!3m6!1s0x357cba44b1bd25d9:0x940bc7abc4d11ec5!8m2!3d37.5966414!4d127.0989781!16s%2Fg%2F11c2md09sn!19sChIJ2SW9sUS6fDURxR7RxKvHC5Q?authuser=0&hl=ko&rclk=1
우림시장,땅스부대찌개 우림시장점,https://www.google.com/maps/place/%EB%95%85%EC%8A%A4%EB%B6%80%EB%8C%80%EC%B0%8C%EA%B0%9C+%EC%9A%B0%EB%A6%BC%EC%8B%9C%EC%9E%A5%EC%A0%90/data=!4m7!3m6!1s0x357cbb4859456aef:0x97709c5df4a1328c!8m2!3d37.5973257!4d127.0982021!16s%2Fg%2F11h6pt91v6!19sChIJ72pFWUi7fDURjDKh9F2ccJc?authuser=0&hl=ko&rclk=1
우림시장,산오징어집,https://www.google.com/maps/place/%EC%82%B0%EC%98%A4%EC%A7%95%EC%96%B4%EC%A7%91/data=!4m7!3m6!1s0x357cba447da8d4f7:0x8e78f837a9dc8585!8m2!3d37.5986652!4d127.0985798!16s%2Fg%2F1th08cww!19sChIJ99SofUS6fDURhYXcqTf4eI4?authuser=0&hl=ko&rclk=1
우림시장,정래선 돈까스,https://www.google.com/maps/place/%EC%A0%95%EB%9E%98%EC%84%A0+%EB%8F%88%EA%B9%8C%EC%8A%A4/data=!4m7!3m6!1s0x357cba4492107a17:0xaedbc80f3806fba1!8m2!3d37.598145!4d127.0980008!16s%2Fg%2F11g0kjkckg!19sChIJF3oQkkS6fDURofsGOA_I264?authuser=0&hl=ko&rclk=1
관악산 자락길,땅이네집,https://www.google.com/maps/place/%EB%95%85%EC%9D%B4%EB%84%A4%EC%A7%91/data=!4m7!3m6!1s0x357b5f0b64367eb1:0xdcd41f6a77050665!8m2!3d37.4336055!4d126.9873872!16s%2Fg%2F1tgdfxdv!19sChIJsX42ZAtfezURZQYFd2of1Nw?authuser=0&hl=ko&rclk=1
관악산 자락길,락구정,https://www.google.com/maps/place/%EB%9D%BD%EA%B5%AC%EC%A0%95/data=!4m7!3m6!1s0x357c9ffdfcbea297:0x78fd2fffce39589d!8m2!3d37.4548659!4d126.9505011!16s%2Fg%2F1q5bry31l!19sChIJl6K-_P2ffDURnVg5zv8v_Xg?authuser=0&hl=ko&rclk=1
관악산 자락길,돌담집식당,https://www.google.com/maps/place/%EB%8F%8C%EB%8B%B4%EC%A7%91%EC%8B%9D%EB%8B%B9/data=!4m7!3m6!1s0x357b5f900ea1b6af:0x4fb68babfaf995df!8m2!3d37.4333705!4d126.9859283!16s%2Fg%2F11bbtd_zzq!19sChIJr7ahDpBfezUR35X5-quLtk8?authuser=0&hl=ko&rclk=1
관악산 자락길,강릉 형제장칼국수,https://www.google.com/maps/place/%EA%B0%95%EB%A6%89+%ED%98%95%EC%A0%9C%EC%9E%A5%EC%B9%BC%EA%B5%AD%EC%88%98/data=!4m7!3m6!1s0x357c9fe5e726c7a1:0xb9336005e28f1053!8m2!3d37.4690049!4d126.938407!16s%2Fg%2F11fzf9vjcz!19sChIJoccm5-WffDURUxCP4gVgM7k?authuser=0&hl=ko&rclk=1
관악산 낙성대공원,에스빠냐식당 엘따뻬오,https://www.google.com/maps/place/%EC%97%90%EC%8A%A4%EB%B9%A0%EB%83%90%EC%8B%9D%EB%8B%B9+%EC%97%98%EB%94%B0%EB%BB%AC%EC%98%A4/data=!4m7!3m6!1s0x357ca0245bee38b9:0x4b82b83ed725fc3e!8m2!3d37.4768437!4d126.961775!16s%2Fg%2F11c55xl4qn!19sChIJuTjuWySgfDURPvwl1z64gks?authuser=0&hl=ko&rclk=1
관악산 낙성대공원,베이컨시,https://www.google.com/maps/place/%EB%B2%A0%EC%9D%B4%EC%BB%A8%EC%8B%9C/data=!4m7!3m6!1s0x357ca1f7f060ec01:0xa1844e7592e231c1!8m2!3d37.4778012!4d126.9588719!16s%2Fg%2F11hzc1362y!19sChIJAexg8PehfDURwTHiknVOhKE?authuser=0&hl=ko&rclk=1
관악산 낙성대공원,낙성,https://www.google.com/maps/place/%EB%82%99%EC%84%B1/data=!4m7!3m6!1s0x357ca186896378bf:0x2ca12f642f790681!8m2!3d37.4745329!4d126.9636951!16s%2Fg%2F11ppyxdvf9!19sChIJv3hjiYahfDURgQZ5L2QvoSw?authuser=0&hl=ko&rclk=1
관악산 낙성대공원,미카엘 비스트로,https://www.google.com/maps/place/%EB%AF%B8%EC%B9%B4%EC%97%98+%EB%B9%84%EC%8A%A4%ED%8A%B8%EB%A1%9C/data=!4m7!3m6!1s0x357ca1aed0ff2109:0x2789b50d27906a2d!8m2!3d37.4780928!4d126.9568798!16s%2Fg%2F11l8g92ylz!19sChIJCSH_0K6hfDURLWqQJw21iSc?authuser=0&hl=ko&rclk=1
관악산 낙성대공원,낙성기사식당,https://www.google.com/maps/place/%EB%82%99%EC%84%B1%EA%B8%B0%EC%82%AC%EC%8B%9D%EB%8B%B9/data=!4m7!3m6!1s0x357ca18b824e1ad7:0x43fde282b7fddda2!8m2!3d37.4780542!4d126.9587429!16s%2Fg%2F11grbtsy_1!19sChIJ1xpOgouhfDURot39t4Li_UM?authuser=0&hl=ko&rclk=1
관악산,땅이네집,https://www.google.com/maps/place/%EB%95%85%EC%9D%B4%EB%84%A4%EC%A7%91/data=!4m7!3m6!1s0x357b5f0b64367eb1:0xdcd41f6a77050665!8m2!3d37.4336055!4d126.9873872!16s%2Fg%2F1tgdfxdv!19sChIJsX42ZAtfezURZQYFd2of1Nw?authuser=0&hl=ko&rclk=1
관악산,향교집,https://www.google.com/maps/place/%ED%96%A5%EA%B5%90%EC%A7%91/data=!4m7!3m6!1s0x357b5f9ab45f040d:0x8a40e7b2f0e6f6e1!8m2!3d37.4336055!4d126.9873872!16s%2Fg%2F1tgz8872!19sChIJDQRftJpfezUR4fbm8LLnQIo?authuser=0&hl=ko&rclk=1
관악산,돌담집식당,https://www.google.com/maps/place/%EB%8F%8C%EB%8B%B4%EC%A7%91%EC%8B%9D%EB%8B%B9/data=!4m7!3m6!1s0x357b5f900ea1b6af:0x4fb68babfaf995df!8m2!3d37.4333705!4d126.9859283!16s%2Fg%2F11bbtd_zzq!19sChIJr7ahDpBfezUR35X5-quLtk8?authuser=0&hl=ko&rclk=1
관악산,관악산 연주대 전망대,https://www.google.com/maps/place/%EA%B4%80%EC%95%85%EC%82%B0+%EC%97%B0%EC%A3%BC%EB%8C%80+%EC%A0%84%EB%A7%9D%EB%8C%80/data=!4m7!3m6!1s0x357b5fa95d71a009:0x85a62d7b74fa5172!8m2!3d37.444295!4d126.964387!16s%2Fg%2F11h3c3dnvy!19sChIJCaBxXalfezURclH6dHstpoU?authuser=0&hl=ko&rclk=1
서울 남현동 요지,여수식당,https://www.google.com/maps/place/%EC%97%AC%EC%88%98%EC%8B%9D%EB%8B%B9/data=!4m7!3m6!1s0x357ca03878342bbf:0x4c8e999fafe10ca4!8m2!3d37.4732148!4d126.9754504!16s%2Fg%2F11g8w93y30!19sChIJvys0eDigfDURpAzhr5-Zjkw?authuser=0&hl=ko&rclk=1
서울 남현동 요지,고기굽는사람들 남현점,https://www.google.com/maps/place/%EA%B3%A0%EA%B8%B0%EA%B5%BD%EB%8A%94%EC%82%AC%EB%9E%8C%EB%93%A4+%EB%82%A8%ED%98%84%EC%A0%90/data=!4m7!3m6!1s0x357ca1f8b3f34971:0xdcdffa1cbd078e13!8m2!3d37.4748515!4d126.981216!16s%2Fg%2F11qnr_c3zt!19sChIJcUnzs_ihfDURE44HvRz639w?authuser=0&hl=ko&rclk=1
서울 남현동 요지,해미별궁,https://www.google.com/maps/place/%ED%95%B4%EB%AF%B8%EB%B3%84%EA%B6%81/data=!4m7!3m6!1s0x357ca04dece60b77:0x1fbadf98e8c7e9a8!8m2!3d37.4756758!4d126.9798532!16s%2Fg%2F1hd_yxss1!19sChIJdwvm7E2gfDURqOnH6Jjfuh8?authuser=0&hl=ko&rclk=1
서울 남현동 요지,명문삼겹살,https://www.google.com/maps/place/%EB%AA%85%EB%AC%B8%EC%82%BC%EA%B2%B9%EC%82%B4/data=!4m7!3m6!1s0x357ca048733c0d51:0x1d81c41518951e00!8m2!3d37.4748276!4d126.9770067!16s%2Fg%2F11g0kj81wr!19sChIJUQ08c0igfDURAB6VGBXEgR0?authuser=0&hl=ko&rclk=1
서울 남현동 요지,신셰프양꼬치&훠궈 남현동1호점,https://www.google.com/maps/place/%EC%8B%A0%EC%85%B0%ED%94%84%EC%96%91%EA%BC%AC%EC%B9%98%26%ED%9B%A0%EA%B6%88+%EB%82%A8%ED%98%84%EB%8F%991%ED%98%B8%EC%A0%90/data=!4m7!3m6!1s0x357ca048d7a29f39:0xd2b19a301ead4aef!8m2!3d37.4754864!4d126.980378!16s%2Fg%2F11gfb58tzx!19sChIJOZ-i10igfDUR70qtHjCasdI?authuser=0&hl=ko&rclk=1
봉일시장,장군집,https://www.google.com/maps/place/%EC%9E%A5%EA%B5%B0%EC%A7%91/data=!4m7!3m6!1s0x357c9f8e7858e189:0x20dff131fe541005!8m2!3d37.4813397!4d126.9455246!16s%2Fg%2F1tftc7vy!19sChIJieFYeI6ffDURBRBU_jHx3yA?authuser=0&hl=ko&rclk=1
봉일시장,산골,https://www.google.com/maps/place/%EC%82%B0%EA%B3%A8/data=!4m7!3m6!1s0x357ca0282041ff59:0x310661ac7b63070!8m2!3d37.4839807!4d126.9541921!16s%2Fg%2F11g0kjgrwf!19sChIJWf9BICigfDURcDC2xxpmEAM?authuser=0&hl=ko&rclk=1
봉일시장,만냥행운포차,https://www.google.com/maps/place/%EB%A7%8C%EB%83%A5%ED%96%89%EC%9A%B4%ED%8F%AC%EC%B0%A8/data=!4m7!3m6!1s0x357c9fef0419523b:0x43635c2bcb71b07!8m2!3d37.4860724!4d126.9391027!16s%2Fg%2F11g0dhbvwr!19sChIJO1IZBO-ffDURBxu3vMI1NgQ?authuser=0&hl=ko&rclk=1
봉일시장,육진정육식당 본점,https://www.google.com/maps/place/%EC%9C%A1%EC%A7%84%EC%A0%95%EC%9C%A1%EC%8B%9D%EB%8B%B9+%EB%B3%B8%EC%A0%90/data=!4m7!3m6!1s0x357c9f8e3b658027:0xe448063e7d85782e!8m2!3d37.4832815!4d126.9441582!16s%2Fg%2F1vn16ggg!19sChIJJ4BlO46ffDURLniFfT4GSOQ?authuser=0&hl=ko&rclk=1
스튜디오 호테노,갤러리 사진적 / 식당 사사로운,https://www.google.com/maps/place/%EA%B0%A4%EB%9F%AC%EB%A6%AC+%EC%82%AC%EC%A7%84%EC%A0%81+%2F+%EC%8B%9D%EB%8B%B9+%EC%82%AC%EC%82%AC%EB%A1%9C%EC%9A%B4/data=!4m7!3m6!1s0x357ca551a9f63d5f:0x533235b5f6f05ec9!8m2!3d37.5541949!4d127.0803794!16s%2Fg%2F11rshly49v!19sChIJXz32qVGlfDURyV7w9rU1MlM?authuser=0&hl=ko&rclk=1
스튜디오 호테노,타임온미스튜디오,https://www.google.com/maps/place/%ED%83%80%EC%9E%84%EC%98%A8%EB%AF%B8%EC%8A%A4%ED%8A%9C%EB%94%94%EC%98%A4/data=!4m7!3m6!1s0x357c98db6270badb:0x9a3e79e938e6722f!8m2!3d37.5552067!4d126.920078!16s%2Fg%2F11b5k79dr4!19sChIJ27pwYtuYfDURL3LmOOl5Ppo?authuser=0&hl=ko&rclk=1
스튜디오 호테노,스튜디오300,https://www.google.com/maps/place/%EC%8A%A4%ED%8A%9C%EB%94%94%EC%98%A4300/data=!4m7!3m6!1s0x357ca17a5aaec85d:0x8d1261b21f4b464b!8m2!3d37.5031112!4d127.0044938!16s%2Fg%2F11crwh2v0c!19sChIJXciuWnqhfDURS0ZLH7JhEo0?authuser=0&hl=ko&rclk=1
봉천동 마애미륵불좌상,미카엘 비스트로,https://www.google.com/maps/place/%EB%AF%B8%EC%B9%B4%EC%97%98+%EB%B9%84%EC%8A%A4%ED%8A%B8%EB%A1%9C/data=!4m7!3m6!1s0x357ca1aed0ff2109:0x2789b50d27906a2d!8m2!3d37.4780928!4d126.9568798!16s%2Fg%2F11l8g92ylz!19sChIJCSH_0K6hfDURLWqQJw21iSc?authuser=0&hl=ko&rclk=1
봉천동 마애미륵불좌상,제주상회,https://www.google.com/maps/place/%EC%A0%9C%EC%A3%BC%EC%83%81%ED%9A%8C/data=!4m7!3m6!1s0x357ca15d3d38ec29:0xc8db05212be6ca82!8m2!3d37.4771776!4d126.9583514!16s%2Fg%2F11g_stkhr7!19sChIJKew4PV2hfDURgsrmKyEF28g?authuser=0&hl=ko&rclk=1
봉천동 마애미륵불좌상,두만강샤브샤브,https://www.google.com/maps/place/%EB%91%90%EB%A7%8C%EA%B0%95%EC%83%A4%EB%B8%8C%EC%83%A4%EB%B8%8C/data=!4m7!3m6!1s0x357ca026f11abb5b:0xc21511ec1142c178!8m2!3d37.4780314!4d126.958813!16s%2Fg%2F11c0vxm9_c!19sChIJW7sa8SagfDUReMFCEewRFcI?authuser=0&hl=ko&rclk=1
봉천동 마애미륵불좌상,고기굽는사람들 서울대입구 샤로수길본점,https://www.google.com/maps/place/%EA%B3%A0%EA%B8%B0%EA%B5%BD%EB%8A%94%EC%82%AC%EB%9E%8C%EB%93%A4+%EC%84%9C%EC%9A%B8%EB%8C%80%EC%9E%85%EA%B5%AC+%EC%83%A4%EB%A1%9C%EC%88%98%EA%B8%B8%EB%B3%B8%EC%A0%90/data=!4m7!3m6!1s0x357ca02721992d79:0x9bb23f80c3d871ec!8m2!3d37.4782267!4d126.9564157!16s%2Fg%2F11g7npgkcz!19sChIJeS2ZISegfDUR7HHYw4A_sps?authuser=0&hl=ko&rclk=1
원조민속순대타운,또순이원조순대 본점,https://www.google.com/maps/place/%EB%98%90%EC%88%9C%EC%9D%B4%EC%9B%90%EC%A1%B0%EC%88%9C%EB%8C%80+%EB%B3%B8%EC%A0%90/data=!4m7!3m6!1s0x357c9fbf679757e1:0xfb178a765951f704!8m2!3d37.4832519!4d126.9287583!16s%2Fg%2F1thbtlkn!19sChIJ4VeXZ7-ffDURBPdRWXaKF_s?authuser=0&hl=ko&rclk=1
원조민속순대타운,양지순대타운,https://www.google.com/maps/place/%EC%96%91%EC%A7%80%EC%88%9C%EB%8C%80%ED%83%80%EC%9A%B4/data=!4m7!3m6!1s0x357c9fc035d77be3:0xf46db733c2f9c76c!8m2!3d37.4832236!4d126.9290222!16s%2Fg%2F1tcycd8t!19sChIJ43vXNcCffDURbMf5wjO3bfQ?authuser=0&hl=ko&rclk=1
원조민속순대타운,전주익산집,https://www.google.com/maps/place/%EC%A0%84%EC%A3%BC%EC%9D%B5%EC%82%B0%EC%A7%91/data=!4m7!3m6!1s0x357c9fbf66338693:0xf0df88835cd55507!8m2!3d37.4832519!4d126.9287583!16s%2Fg%2F11c2pxhr4c!19sChIJk4YzZr-ffDURB1XVXIOI3_A?authuser=0&hl=ko&rclk=1
원조민속순대타운,삼촌네집,https://www.google.com/maps/place/%EC%82%BC%EC%B4%8C%EB%84%A4%EC%A7%91/data=!4m7!3m6!1s0x357c9fbf663572df:0xac5004be73399a81!8m2!3d37.4832519!4d126.9287583!16s%2Fg%2F11c1ys1rsh!19sChIJ33I1Zr-ffDURgZo5c74EUKw?authuser=0&hl=ko&rclk=1
관악산계곡,돌담집식당,https://www.google.com/maps/place/%EB%8F%8C%EB%8B%B4%EC%A7%91%EC%8B%9D%EB%8B%B9/data=!4m7!3m6!1s0x357b5f900ea1b6af:0x4fb68babfaf995df!8m2!3d37.4333705!4d126.9859283!16s%2Fg%2F11bbtd_zzq!19sChIJr7ahDpBfezUR35X5-quLtk8?authuser=0&hl=ko&rclk=1
관악산계곡,관악산지킴이,https://www.google.com/maps/place/%EA%B4%80%EC%95%85%EC%82%B0%EC%A7%80%ED%82%B4%EC%9D%B4/data=!4m7!3m6!1s0x357b5f9ab45edf11:0x844716a17834e405!8m2!3d37.4336055!4d126.9873872!16s%2Fg%2F1td1mssv!19sChIJEd9etJpfezURBeQ0eKEWR4Q?authuser=0&hl=ko&rclk=1
관악산계곡,보은장식당,https://www.google.com/maps/place/%EB%B3%B4%EC%9D%80%EC%9E%A5%EC%8B%9D%EB%8B%B9/data=!4m7!3m6!1s0x357b60e03970da27:0x234d3d634327579c!8m2!3d37.4187743!4d126.9325337!16s%2Fg%2F1ttpdtf8!19sChIJJ9pwOeBgezURnFcnQ2M9TSM?authuser=0&hl=ko&rclk=1
관악산계곡,향교집,https://www.google.com/maps/place/%ED%96%A5%EA%B5%90%EC%A7%91/data=!4m7!3m6!1s0x357b5f9ab45f040d:0x8a40e7b2f0e6f6e1!8m2!3d37.4336055!4d126.9873872!16s%2Fg%2F1tgz8872!19sChIJDQRftJpfezUR4fbm8LLnQIo?authuser=0&hl=ko&rclk=1
관악산계곡,땅이네집,https://www.google.com/maps/place/%EB%95%85%EC%9D%B4%EB%84%A4%EC%A7%91/data=!4m7!3m6!1s0x357b5f0b64367eb1:0xdcd41f6a77050665!8m2!3d37.4336055!4d126.9873872!16s%2Fg%2F1tgdfxdv!19sChIJsX42ZAtfezURZQYFd2of1Nw?authuser=0&hl=ko&rclk=1
관악산계곡,풀장집,https://www.google.com/maps/place/%ED%92%80%EC%9E%A5%EC%A7%91/data=!4m7!3m6!1s0x357b5f2ca6df0cc5:0xda7ef711e4b9265d!8m2!3d37.4334298!4d126.9857237!16s%2Fg%2F11j6bxdqq8!19sChIJxQzfpixfezURXSa55BH3fto?authuser=0&hl=ko&rclk=1
관악산계곡,신림계곡,https://www.google.com/maps/place/%EC%8B%A0%EB%A6%BC%EA%B3%84%EA%B3%A1/data=!4m7!3m6!1s0x357b61c0333ca4c3:0x9f9c1295a3b1fe61!8m2!3d37.4573389!4d126.9476994!16s%2Fg%2F11v62fmjd7!19sChIJw6Q8M8BhezURYf6xo5USnJ8?authuser=0&hl=ko&rclk=1
신원시장,시장 탕수육,https://www.google.com/maps/place/%EC%8B%9C%EC%9E%A5+%ED%83%95%EC%88%98%EC%9C%A1/data=!4m7!3m6!1s0x357c9f94be65a4fd:0xc52bb77d50b15beb!8m2!3d37.4817581!4d126.928202!16s%2Fg%2F11qgb6g8hw!19sChIJ_aRlvpSffDUR61uxUH23K8U?authuser=0&hl=ko&rclk=1
신원시장,고모네정육식당,https://www.google.com/maps/place/%EA%B3%A0%EB%AA%A8%EB%84%A4%EC%A0%95%EC%9C%A1%EC%8B%9D%EB%8B%B9/data=!4m7!3m6!1s0x357c9f84a829b9b7:0x40718acb7164d715!8m2!3d37.4828181!4d126.9261972!16s%2Fg%2F11fl8pw5bb!19sChIJt7kpqISffDURFddkccuKcUA?authuser=0&hl=ko&rclk=1
신원시장,불꽃닭강정,https://www.google.com/maps/place/%EB%B6%88%EA%BD%83%EB%8B%AD%EA%B0%95%EC%A0%95/data=!4m7!3m6!1s0x357c9fb93dee8f37:0x7912fa96d528b2f9!8m2!3d37.482905!4d126.9266794!16s%2Fg%2F11gv08z555!19sChIJN4_uPbmffDUR-bIo1Zb6Enk?authuser=0&hl=ko&rclk=1
신원시장,이모네,https://www.google.com/maps/place/%EC%9D%B4%EB%AA%A8%EB%84%A4/data=!4m7!3m6!1s0x357c9f3d5d5b9299:0x6511db3c53177267!8m2!3d37.4832826!4d126.9287711!16s%2Fg%2F11jrfdxltb!19sChIJmZJbXT2ffDURZ3IXUzzbEWU?authuser=0&hl=ko&rclk=1
샤로수길,고기굽는사람들 서울대입구 샤로수길본점,https://www.google.com/maps/place/%EA%B3%A0%EA%B8%B0%EA%B5%BD%EB%8A%94%EC%82%AC%EB%9E%8C%EB%93%A4+%EC%84%9C%EC%9A%B8%EB%8C%80%EC%9E%85%EA%B5%AC+%EC%83%A4%EB%A1%9C%EC%88%98%EA%B8%B8%EB%B3%B8%EC%A0%90/data=!4m7!3m6!1s0x357ca02721992d79:0x9bb23f80c3d871ec!8m2!3d37.4782267!4d126.9564157!16s%2Fg%2F11g7npgkcz!19sChIJeS2ZISegfDUR7HHYw4A_sps?authuser=0&hl=ko&rclk=1
샤로수길,미카엘 비스트로,https://www.google.com/maps/place/%EB%AF%B8%EC%B9%B4%EC%97%98+%EB%B9%84%EC%8A%A4%ED%8A%B8%EB%A1%9C/data=!4m7!3m6!1s0x357ca1aed0ff2109:0x2789b50d27906a2d!8m2!3d37.4780928!4d126.9568798!16s%2Fg%2F11l8g92ylz!19sChIJCSH_0K6hfDURLWqQJw21iSc?authuser=0&hl=ko&rclk=1
샤로수길,모힝,https://www.google.com/maps/place/%EB%AA%A8%ED%9E%9D/data=!4m7!3m6!1s0x357c9f89e56b9535:0x3e3290de7c93bb69!8m2!3d37.4790279!4d126.9535036!16s%2Fg%2F11csrwbl87!19sChIJNZVr5YmffDURabuTfN6QMj4?authuser=0&hl=ko&rclk=1
샤로수길,베이컨시,https://www.google.com/maps/place/%EB%B2%A0%EC%9D%B4%EC%BB%A8%EC%8B%9C/data=!4m7!3m6!1s0x357ca1f7f060ec01:0xa1844e7592e231c1!8m2!3d37.4778012!4d126.9588719!16s%2Fg%2F11hzc1362y!19sChIJAexg8PehfDURwTHiknVOhKE?authuser=0&hl=ko&rclk=1
샤로수길,투머트,https://www.google.com/maps/place/%ED%88%AC%EB%A8%B8%ED%8A%B8/data=!4m7!3m6!1s0x357c9fb27fae75b9:0xf5aea27a3fa21bfd!8m2!3d37.4787851!4d126.9534367!16s%2Fg%2F11n0l90pz2!19sChIJuXWuf7KffDUR_RuiP3qirvU?authuser=0&hl=ko&rclk=1
서울대학교 박물관,두레미담 1호점,https://www.google.com/maps/place/%EB%91%90%EB%A0%88%EB%AF%B8%EB%8B%B4+1%ED%98%B8%EC%A0%90/data=!4m7!3m6!1s0x357b61bcf4ff2857:0x2cc103e587908a1d!8m2!3d37.4564336!4d126.9485537!16s%2Fg%2F11h100j83p!19sChIJVyj_9LxhezURHYqQh-UDwSw?authuser=0&hl=ko&rclk=1
서울대학교 박물관,라운지오,https://www.google.com/maps/place/%EB%9D%BC%EC%9A%B4%EC%A7%80%EC%98%A4/data=!4m7!3m6!1s0x357c9f4153a08553:0xd80d7ac11286032f!8m2!3d37.464989!4d126.9515722!16s%2Fg%2F11h6nvzwxy!19sChIJU4WgU0GffDURLwOGEsF6Ddg?authuser=0&hl=ko&rclk=1
서울대학교 박물관,파란 코끼리,https://www.google.com/maps/place/%ED%8C%8C%EB%9E%80+%EC%BD%94%EB%81%BC%EB%A6%AC/data=!4m7!3m6!1s0x357c9fc7017d4377:0xf594a691f0f42b30!8m2!3d37.4627701!4d126.9510173!16s%2Fg%2F11fksrkk3k!19sChIJd0N9AceffDURMCv08JGmlPU?authuser=0&hl=ko&rclk=1
서울대학교 박물관,220동 식당,https://www.google.com/maps/place/220%EB%8F%99+%EC%8B%9D%EB%8B%B9/data=!4m7!3m6!1s0x357c9ff8ae55bfdb:0xf6951e90f7c822a0!8m2!3d37.4647431!4d126.9538194!16s%2Fg%2F11scqdz86c!19sChIJ279VrviffDURoCLI95AelfY?authuser=0&hl=ko&rclk=1
신림체육센터,삼복집 본점 (sambokzip),https://www.google.com/maps/place/%EC%82%BC%EB%B3%B5%EC%A7%91+%EB%B3%B8%EC%A0%90+%28sambokzip%29/data=!4m7!3m6!1s0x357c9fc3fb95f57f:0x9fac8e1c877ca1e2!8m2!3d37.4820855!4d126.9142121!16s%2Fg%2F11kqzr5f8k!19sChIJf_WV-8OffDUR4qF8hxyOrJ8?authuser=0&hl=ko&rclk=1
신림체육센터,하와이조개 신림본점,https://www.google.com/maps/place/%ED%95%98%EC%99%80%EC%9D%B4%EC%A1%B0%EA%B0%9C+%EC%8B%A0%EB%A6%BC%EB%B3%B8%EC%A0%90/data=!4m7!3m6!1s0x357c9fcd5429e145:0xb4b02457aa996946!8m2!3d37.4827959!4d126.9289469!16s%2Fg%2F11lgg8p82f!19sChIJReEpVM2ffDURRmmZqlcksLQ?authuser=0&hl=ko&rclk=1
신림체육센터,경식이네 알쌈쭈꾸미,https://www.google.com/maps/place/%EA%B2%BD%EC%8B%9D%EC%9D%B4%EB%84%A4+%EC%95%8C%EC%8C%88%EC%AD%88%EA%BE%B8%EB%AF%B8/data=!4m7!3m6!1s0x357c9fcc7cb421eb:0xb1bc07241aa63ec4!8m2!3d37.483039!4d126.9141094!16s%2Fg%2F1tr15hq5!19sChIJ6yG0fMyffDURxD6mGiQHvLE?authuser=0&hl=ko&rclk=1
신림체육센터,고모네정육식당,https://www.google.com/maps/place/%EA%B3%A0%EB%AA%A8%EB%84%A4%EC%A0%95%EC%9C%A1%EC%8B%9D%EB%8B%B9/data=!4m7!3m6!1s0x357c9f84a829b9b7:0x40718acb7164d715!8m2!3d37.4828181!4d126.9261972!16s%2Fg%2F11fl8pw5bb!19sChIJt7kpqISffDURFddkccuKcUA?authuser=0&hl=ko&rclk=1
신림체육센터,카츠오도,https://www.google.com/maps/place/%EC%B9%B4%EC%B8%A0%EC%98%A4%EB%8F%84/data=!4m7!3m6!1s0x357c9f60efb67e1d:0x5702b2878f5d97d8!8m2!3d37.4824833!4d126.9134223!16s%2Fg%2F11ns5j_p7h!19sChIJHX6272CffDUR2Jddj4eyAlc?authuser=0&hl=ko&rclk=1
봉천중앙시장,산골,https://www.google.com/maps/place/%EC%82%B0%EA%B3%A8/data=!4m7!3m6!1s0x357ca0282041ff59:0x310661ac7b63070!8m2!3d37.4839807!4d126.9541921!16s%2Fg%2F11g0kjgrwf!19sChIJWf9BICigfDURcDC2xxpmEAM?authuser=0&hl=ko&rclk=1
봉천중앙시장,남도반주,https://www.google.com/maps/place/%EB%82%A8%EB%8F%84%EB%B0%98%EC%A3%BC/data=!4m7!3m6!1s0x357ca13e5b4d7139:0x29c6a6fa0dc13039!8m2!3d37.4782257!4d126.9559151!16s%2Fg%2F11lfzrk6vg!19sChIJOXFNWz6hfDUROTDBDfqmxik?authuser=0&hl=ko&rclk=1
봉천중앙시장,심야식당테이,https://www.google.com/maps/place/%EC%8B%AC%EC%95%BC%EC%8B%9D%EB%8B%B9%ED%85%8C%EC%9D%B4/data=!4m7!3m6!1s0x357ca0278590d875:0x9ff4910f30f70a92!8m2!3d37.4808177!4d126.9545584!16s%2Fg%2F11kwbpvnfz!19sChIJddiQhSegfDURkgr3MA-R9J8?authuser=0&hl=ko&rclk=1
봉천중앙시장,정숙성,https://www.google.com/maps/place/%EC%A0%95%EC%88%99%EC%84%B1/data=!4m7!3m6!1s0x357c9fd04f80c11b:0x636fd59321ac6b0d!8m2!3d37.4791105!4d126.9537991!16s%2Fg%2F11r6s5qh1d!19sChIJG8GAT9CffDURDWusIZPVb2M?authuser=0&hl=ko&rclk=1
봉천중앙시장,만양 순대국,https://www.google.com/maps/place/%EB%A7%8C%EC%96%91+%EC%88%9C%EB%8C%80%EA%B5%AD/data=!4m7!3m6!1s0x357c9f6e6780629d:0xc6e345d82fcbf2eb!8m2!3d37.4863575!4d126.9499602!16s%2Fg%2F11ggs2pct7!19sChIJnWKAZ26ffDUR6_LLL9hF48Y?authuser=0&hl=ko&rclk=1
호림박물관,한우리본점,https://www.google.com/maps/place/%ED%95%9C%EC%9A%B0%EB%A6%AC%EB%B3%B8%EC%A0%90/data=!4m7!3m6!1s0x357ca3e06b1b5be7:0x10f546e2c648c14a!8m2!3d37.5211001!4d127.0347283!16s%2Fg%2F11rq8m5tlc!19sChIJ51sba-CjfDURSsFIxuJG9RA?authuser=0&hl=ko&rclk=1
호림박물관,도산회관,https://www.google.com/maps/place/%EB%8F%84%EC%82%B0%ED%9A%8C%EA%B4%80/data=!4m7!3m6!1s0x357ca3edbd9a2729:0xded60ed962190d45!8m2!3d37.5230274!4d127.0363744!16s%2Fg%2F11s45ls5w_!19sChIJKSeave2jfDURRQ0ZYtkO1t4?authuser=0&hl=ko&rclk=1
호림박물관,정식당,https://www.google.com/maps/place/%EC%A0%95%EC%8B%9D%EB%8B%B9/data=!4m7!3m6!1s0x357ca388c5180b2f:0x85313a9c41fe9088!8m2!3d37.5256734!4d127.0410846!16s%2Fg%2F1hc5284s9!19sChIJLwsYxYijfDURiJD-QZw6MYU?authuser=0&hl=ko&rclk=1
호림박물관,미술관옆집,https://www.google.com/maps/place/%EB%AF%B8%EC%88%A0%EA%B4%80%EC%98%86%EC%A7%91/data=!4m7!3m6!1s0x357b6f2351d9e4cd:0xce99055d5cb0e4bf!8m2!3d37.3159873!4d126.8512834!16s%2Fg%2F11jv7yt628!19sChIJzeTZUSNvezURv-SwXF0Fmc4?authuser=0&hl=ko&rclk=1
호림박물관,돌곰네,https://www.google.com/maps/place/%EB%8F%8C%EA%B3%B0%EB%84%A4/data=!4m7!3m6!1s0x357ca38b0fac8229:0x88e6f88a70306b6f!8m2!3d37.5202082!4d127.0374928!16s%2Fg%2F1wnbvz23!19sChIJKYKsD4ujfDURb2swcIr45og?authuser=0&hl=ko&rclk=1
호림박물관,호루몬,https://www.google.com/maps/place/%ED%98%B8%EB%A3%A8%EB%AA%AC/data=!4m7!3m6!1s0x357ca509e25bb519:0x8d1d7545d9c79fb1!8m2!3d37.5230052!4d127.0344333!16s%2Fg%2F11grqltb6c!19sChIJGbVb4gmlfDURsZ_H2UV1HY0?authuser=0&hl=ko&rclk=1
호림박물관,보보식당,https://www.google.com/maps/place/%EB%B3%B4%EB%B3%B4%EC%8B%9D%EB%8B%B9/data=!4m7!3m6!1s0x357ca39c183bd317:0x2457abef5c9e62de!8m2!3d37.5278137!4d127.0362641!16s%2Fg%2F11td19gkg1!19sChIJF9M7GJyjfDUR3mKeXO-rVyQ?authuser=0&hl=ko&rclk=1
관악구 만남의광장,완산정,https://www.google.com/maps/place/%EC%99%84%EC%82%B0%EC%A0%95/data=!4m7!3m6!1s0x357c9f88230be4f1:0xfad59f4a0c43a1ac!8m2!3d37.4816345!4d126.9535927!16s%2Fg%2F1tj82swm!19sChIJ8eQLI4iffDURrKFDDEqf1fo?authuser=0&hl=ko&rclk=1
관악구 만남의광장,장군집,https://www.google.com/maps/place/%EC%9E%A5%EA%B5%B0%EC%A7%91/data=!4m7!3m6!1s0x357c9f8e7858e189:0x20dff131fe541005!8m2!3d37.4813397!4d126.9455246!16s%2Fg%2F1tftc7vy!19sChIJieFYeI6ffDURBRBU_jHx3yA?authuser=0&hl=ko&rclk=1
관악구 만남의광장,막불감동,https://www.google.com/maps/place/%EB%A7%89%EB%B6%88%EA%B0%90%EB%8F%99/data=!4m7!3m6!1s0x357c9fbf391f63af:0x6e723cd51fa5e7f7!8m2!3d37.4842936!4d126.9281634!16s%2Fg%2F11bzx62d_g!19sChIJr2MfOb-ffDUR9-elH9U8cm4?authuser=0&hl=ko&rclk=1
관악구 만남의광장,24시 서울밥집,https://www.google.com/maps/place/24%EC%8B%9C+%EC%84%9C%EC%9A%B8%EB%B0%A5%EC%A7%91/data=!4m7!3m6!1s0x357c9fe4e07b5009:0x7fa881c44f14dcdd!8m2!3d37.4831978!4d126.927576!16s%2Fg%2F11sv72z4k6!19sChIJCVB74OSffDUR3dwUT8SBqH8?authuser=0&hl=ko&rclk=1
관악구 만남의광장,옛날집,https://www.google.com/maps/place/%EC%98%9B%EB%82%A0%EC%A7%91/data=!4m7!3m6!1s0x357c9f4d7a9f8939:0xdaf681ee356e71e6!8m2!3d37.4853893!4d126.9324439!16s%2Fg%2F11k1d0dpmk!19sChIJOYmfek2ffDUR5nFuNe6B9to?authuser=0&hl=ko&rclk=1
관악산공원 야외식물원,덕봉식당,https://www.google.com/maps/place/%EB%8D%95%EB%B4%89%EC%8B%9D%EB%8B%B9/data=!4m7!3m6!1s0x357c9fe7a5b320d1:0x5916ebd42a2a696!8m2!3d37.4694895!4d126.9344613!16s%2Fg%2F11f03lm58j!19sChIJ0SCzpeeffDURlqaiQr1ukQU?authuser=0&hl=ko&rclk=1
관악산공원 야외식물원,감나무집,https://www.google.com/maps/place/%EA%B0%90%EB%82%98%EB%AC%B4%EC%A7%91/data=!4m7!3m6!1s0x357c9f8bb69305c1:0x4595747dc7b873cc!8m2!3d37.4779063!4d126.9510024!16s%2Fg%2F1tdbtpsr!19sChIJwQWTtouffDURzHO4x310lUU?authuser=0&hl=ko&rclk=1
관악산공원 야외식물원,화로상회,https://www.google.com/maps/place/%ED%99%94%EB%A1%9C%EC%83%81%ED%9A%8C/data=!4m7!3m6!1s0x357c9f3779b384f7:0x30c04d80c6a5edf6!8m2!3d37.4702891!4d126.9399069!16s%2Fg%2F11rwm9cy2t!19sChIJ94SzeTeffDUR9u2lxoBNwDA?authuser=0&hl=ko&rclk=1
관악산공원 야외식물원,스태미나식당,https://www.google.com/maps/place/%EC%8A%A4%ED%83%9C%EB%AF%B8%EB%82%98%EC%8B%9D%EB%8B%B9/data=!4m7!3m6!1s0x357c9fe5fccd68db:0xb4511587bfbeb1ee!8m2!3d37.4693864!4d126.9367962!16s%2Fg%2F11f03yycpf!19sChIJ22jN_OWffDUR7rG-v4cVUbQ?authuser=0&hl=ko&rclk=1
관악산공원 야외식물원,오삼숙이,https://www.google.com/maps/place/%EC%98%A4%EC%82%BC%EC%88%99%EC%9D%B4/data=!4m7!3m6!1s0x357c9fb4ff0250af:0x4c222191e64b6a78!8m2!3d37.4681241!4d126.9377278!16s%2Fg%2F11j4szt_l0!19sChIJr1AC_7SffDUReGpL5pEhIkw?authuser=0&hl=ko&rclk=1
관악신사시장,모두랑분식,https://www.google.com/maps/place/%EB%AA%A8%EB%91%90%EB%9E%91%EB%B6%84%EC%8B%9D/data=!4m7!3m6!1s0x357c9fc9f49a316d:0x17d38cef3877fe59!8m2!3d37.4860098!4d126.9167852!16s%2Fg%2F11bxfhl8t9!19sChIJbTGa9MmffDURWf53OO-M0xc?authuser=0&hl=ko&rclk=1
삼성산성지,오삼숙이,https://www.google.com/maps/place/%EC%98%A4%EC%82%BC%EC%88%99%EC%9D%B4/data=!4m7!3m6!1s0x357c9fb4ff0250af:0x4c222191e64b6a78!8m2!3d37.4681241!4d126.9377278!16s%2Fg%2F11j4szt_l0!19sChIJr1AC_7SffDUReGpL5pEhIkw?authuser=0&hl=ko&rclk=1
삼성산성지,토방닭한마리 본점,https://www.google.com/maps/place/%ED%86%A0%EB%B0%A9%EB%8B%AD%ED%95%9C%EB%A7%88%EB%A6%AC+%EB%B3%B8%EC%A0%90/data=!4m7!3m6!1s0x357c9fe8617b4ce7:0xeb285b4c29a93a05!8m2!3d37.4716107!4d126.935328!16s%2Fg%2F1tf7dlyk!19sChIJ50x7YeiffDURBTqpKUxbKOs?authuser=0&hl=ko&rclk=1
삼성산성지,빠사삭튀김포차,https://www.google.com/maps/place/%EB%B9%A0%EC%82%AC%EC%82%AD%ED%8A%80%EA%B9%80%ED%8F%AC%EC%B0%A8/data=!4m7!3m6!1s0x357c9fe63e5e024b:0x673eeee88381a792!8m2!3d37.4688311!4d126.9364539!16s%2Fg%2F11ggls266t!19sChIJSwJePuaffDURkqeBg-juPmc?authuser=0&hl=ko&rclk=1
삼성산성지,덕봉식당,https://www.google.com/maps/place/%EB%8D%95%EB%B4%89%EC%8B%9D%EB%8B%B9/data=!4m7!3m6!1s0x357c9fe7a5b320d1:0x5916ebd42a2a696!8m2!3d37.4694895!4d126.9344613!16s%2Fg%2F11f03lm58j!19sChIJ0SCzpeeffDURlqaiQr1ukQU?authuser=0&hl=ko&rclk=1
삼성산성지,백가집,https://www.google.com/maps/place/%EB%B0%B1%EA%B0%80%EC%A7%91/data=!4m7!3m6!1s0x357c9fe797d059a9:0xedd6afe0025a7a51!8m2!3d37.4699795!4d126.9338838!16s%2Fg%2F1th08ch5!19sChIJqVnQl-effDURUXpaAuCv1u0?authuser=0&hl=ko&rclk=1
관악산 호수공원,땅이네집,https://www.google.com/maps/place/%EB%95%85%EC%9D%B4%EB%84%A4%EC%A7%91/data=!4m7!3m6!1s0x357b5f0b64367eb1:0xdcd41f6a77050665!8m2!3d37.4336055!4d126.9873872!16s%2Fg%2F1tgdfxdv!19sChIJsX42ZAtfezURZQYFd2of1Nw?authuser=0&hl=ko&rclk=1
관악산 호수공원,돌담집식당,https://www.google.com/maps/place/%EB%8F%8C%EB%8B%B4%EC%A7%91%EC%8B%9D%EB%8B%B9/data=!4m7!3m6!1s0x357b5f900ea1b6af:0x4fb68babfaf995df!8m2!3d37.4333705!4d126.9859283!16s%2Fg%2F11bbtd_zzq!19sChIJr7ahDpBfezUR35X5-quLtk8?authuser=0&hl=ko&rclk=1
관악산 호수공원,산골,https://www.google.com/maps/place/%EC%82%B0%EA%B3%A8/data=!4m7!3m6!1s0x357ca0282041ff59:0x310661ac7b63070!8m2!3d37.4839807!4d126.9541921!16s%2Fg%2F11g0kjgrwf!19sChIJWf9BICigfDURcDC2xxpmEAM?authuser=0&hl=ko&rclk=1
관악산 호수공원,부림식당,https://www.google.com/maps/place/%EB%B6%80%EB%A6%BC%EC%8B%9D%EB%8B%B9/data=!4m7!3m6!1s0x357c9f8e84f04889:0x6614172835d1c51c!8m2!3d37.4814363!4d126.9464157!16s%2Fg%2F1tjdp85_!19sChIJiUjwhI6ffDURHMXRNSgXFGY?authuser=0&hl=ko&rclk=1
관악산 호수공원,로향양꼬치,https://www.google.com/maps/place/%EB%A1%9C%ED%96%A5%EC%96%91%EA%BC%AC%EC%B9%98/data=!4m7!3m6!1s0x357ca1bc4168cb75:0xaa972848f5109d63!8m2!3d37.480005!4d126.9544492!16s%2Fg%2F11hf665g53!19sChIJdctoQbyhfDURY50Q9Ugol6o?authuser=0&hl=ko&rclk=1
관악구민운동장,에스빠냐식당 엘따뻬오,https://www.google.com/maps/place/%EC%97%90%EC%8A%A4%EB%B9%A0%EB%83%90%EC%8B%9D%EB%8B%B9+%EC%97%98%EB%94%B0%EB%BB%AC%EC%98%A4/data=!4m7!3m6!1s0x357ca0245bee38b9:0x4b82b83ed725fc3e!8m2!3d37.4768437!4d126.961775!16s%2Fg%2F11c55xl4qn!19sChIJuTjuWySgfDURPvwl1z64gks?authuser=0&hl=ko&rclk=1
관악구민운동장,미카엘 비스트로,https://www.google.com/maps/place/%EB%AF%B8%EC%B9%B4%EC%97%98+%EB%B9%84%EC%8A%A4%ED%8A%B8%EB%A1%9C/data=!4m7!3m6!1s0x357ca1aed0ff2109:0x2789b50d27906a2d!8m2!3d37.4780928!4d126.9568798!16s%2Fg%2F11l8g92ylz!19sChIJCSH_0K6hfDURLWqQJw21iSc?authuser=0&hl=ko&rclk=1
관악구민운동장,정숙성,https://www.google.com/maps/place/%EC%A0%95%EC%88%99%EC%84%B1/data=!4m7!3m6!1s0x357c9fd04f80c11b:0x636fd59321ac6b0d!8m2!3d37.4791105!4d126.9537991!16s%2Fg%2F11r6s5qh1d!19sChIJG8GAT9CffDURDWusIZPVb2M?authuser=0&hl=ko&rclk=1
관악구민운동장,제주상회,https://www.google.com/maps/place/%EC%A0%9C%EC%A3%BC%EC%83%81%ED%9A%8C/data=!4m7!3m6!1s0x357ca15d3d38ec29:0xc8db05212be6ca82!8m2!3d37.4771776!4d126.9583514!16s%2Fg%2F11g_stkhr7!19sChIJKew4PV2hfDURgsrmKyEF28g?authuser=0&hl=ko&rclk=1
관악구민운동장,베이컨시,https://www.google.com/maps/place/%EB%B2%A0%EC%9D%B4%EC%BB%A8%EC%8B%9C/data=!4m7!3m6!1s0x357ca1f7f060ec01:0xa1844e7592e231c1!8m2!3d37.4778012!4d126.9588719!16s%2Fg%2F11hzc1362y!19sChIJAexg8PehfDURwTHiknVOhKE?authuser=0&hl=ko&rclk=1
서울특별시교육청 과학전시관,제주상회,https://www.google.com/maps/place/%EC%A0%9C%EC%A3%BC%EC%83%81%ED%9A%8C/data=!4m7!3m6!1s0x357ca15d3d38ec29:0xc8db05212be6ca82!8m2!3d37.4771776!4d126.9583514!16s%2Fg%2F11g_stkhr7!19sChIJKew4PV2hfDURgsrmKyEF28g?authuser=0&hl=ko&rclk=1
서울특별시교육청 과학전시관,에스빠냐식당 엘따뻬오,https://www.google.com/maps/place/%EC%97%90%EC%8A%A4%EB%B9%A0%EB%83%90%EC%8B%9D%EB%8B%B9+%EC%97%98%EB%94%B0%EB%BB%AC%EC%98%A4/data=!4m7!3m6!1s0x357ca0245bee38b9:0x4b82b83ed725fc3e!8m2!3d37.4768437!4d126.961775!16s%2Fg%2F11c55xl4qn!19sChIJuTjuWySgfDURPvwl1z64gks?authuser=0&hl=ko&rclk=1
서울특별시교육청 과학전시관,서울특별시교육청융합과학교육원 남산분원,https://www.google.com/maps/place/%EC%84%9C%EC%9A%B8%ED%8A%B9%EB%B3%84%EC%8B%9C%EA%B5%90%EC%9C%A1%EC%B2%AD%EC%9C%B5%ED%95%A9%EA%B3%BC%ED%95%99%EA%B5%90%EC%9C%A1%EC%9B%90+%EB%82%A8%EC%82%B0%EB%B6%84%EC%9B%90/data=!4m7!3m6!1s0x357ca258cc574935:0x4a1e058bc7c97598!8m2!3d37.5545994!4d126.9806853!16s%2Fg%2F1wh4ct5y!19sChIJNUlXzFiifDURmHXJx4sFHko?authuser=0&hl=ko&rclk=1
서울특별시교육청 과학전시관,텐동 요츠야,https://www.google.com/maps/place/%ED%85%90%EB%8F%99+%EC%9A%94%EC%B8%A0%EC%95%BC/data=!4m7!3m6!1s0x357ca026e1844989:0xcbb0f6265c5762d4!8m2!3d37.4784436!4d126.9565545!16s%2Fg%2F11c52bpz5w!19sChIJiUmE4SagfDUR1GJXXCb2sMs?authuser=0&hl=ko&rclk=1
서울특별시교육청 과학전시관,우디가스트로,https://www.google.com/maps/place/%EC%9A%B0%EB%94%94%EA%B0%80%EC%8A%A4%ED%8A%B8%EB%A1%9C/data=!4m7!3m6!1s0x357c9f8a9218ec51:0xd44c42532df0c78a!8m2!3d37.4755658!4d126.9530714!16s%2Fg%2F11bx5pncd7!19sChIJUewYkoqffDURisfwLVNCTNQ?authuser=0&hl=ko&rclk=1
서울특별시교육청 과학전시관,낙성기사식당,https://www.google.com/maps/place/%EB%82%99%EC%84%B1%EA%B8%B0%EC%82%AC%EC%8B%9D%EB%8B%B9/data=!4m7!3m6!1s0x357ca18b824e1ad7:0x43fde282b7fddda2!8m2!3d37.4780542!4d126.9587429!16s%2Fg%2F11grbtsy_1!19sChIJ1xpOgouhfDURot39t4Li_UM?authuser=0&hl=ko&rclk=1
서울특별시교육청 과학전시관,스시공방,https://www.google.com/maps/place/%EC%8A%A4%EC%8B%9C%EA%B3%B5%EB%B0%A9/data=!4m7!3m6!1s0x357ca1e8b38fd707:0x14cf1f89cc984e02!8m2!3d37.4803603!4d126.9568003!16s%2Fg%2F11ll4r_1rv!19sChIJB9ePs-ihfDURAk6YzIkfzxQ?authuser=0&hl=ko&rclk=1
